name,profile_id,hourly_rate,job_success
Gilad D.,~015ae24ab76d6910dd,25.0,100.0
Deep G.,~019aec08e3708d40b4,58.0,98.0
Zeeshan H.,~01c91a67656ea79816,5.0,66.0
Muhammad A.,~01ce64c66c783af6d4,25.0,86.0
Papon D.,~01bf0e94d2d4123eee,10.0,79.0
Karl B.,~01141818a54508e446,10.0,75.0
Ahmed B.,~01374a8defc7a5ce6f,36.66,88.0
Tung N.,~01fb07b125183725d2,15.0,95.0
James S.,~0151f3d7829215ac13,30.0,100.0
Aaron E.,~01003f134b63c96bda,100.0,100.0
Aliaksei V.,~01710aeffb3ea537b9,20.0,100.0
Gilbert P.,~011dfea0340daa4d39,70.0,100.0
Vizit B.,~0153e2a8111d9e978a,13.56,98.0
Mouheb K.,~015de88e393a67acb9,40.0,100.0
JANAKKUMAR T.,~01d88df21c4712601f,20.0,100.0
Ruslan B.,~01f842b8f8fd3cadfc,30.0,100.0
Hussain M.,~01658c07fb14af66fc,30.0,100.0
Volodymyr B.,~012ae13bed44580ff8,50.0,100.0
Awais T.,~0152f57f3371750235,100.0,100.0
Beryl N.,~01f2386113f83f8e1b,20.0,100.0
Moshiour R.,~0151c9bbc4f4946bf9,50.0,100.0
Umair B.,~018955f1f099b61d9b,30.0,97.0
Unni M.,~012f8cf751073f49b3,55.0,100.0
Amran H.,~01e0743222b608da59,30.0,100.0
Ivan N.,~01bcba468b99aa85f1,120.0,100.0
Kirill F.,~018511b5143c13896d,10.0,100.0
Sahbaan A.,~0179277699c8d6bcac,25.0,89.0
Hiren V.,~01e1eabac2e97523a7,25.0,100.0
Daniel T.,~010d025f2188a73eee,15.0,100.0
Tuan T.,~01a7dbe3e58cfa9ad1,30.0,100.0
Anuj R.,~01721a5b9f83e30bba,10.0,100.0
Dmytro S.,~01e7299e2013c0d02e,45.0,100.0
Ba T.,~013c87d9a20c626920,15.0,100.0
Miklos N.,~018d0ece7a7bd1df1f,45.0,90.0
Dmytro K.,~013285d93a80baf45b,60.0,100.0
WEI CONG C.,~01a97a46454b8b96a4,3.0,73.0
Adil K.,~01bc4769240013a5de,18.0,93.0
Anna A.,~01fecc8a645d7f366a,40.0,68.0
Abhay A.,~01926ec6fe05795181,25.0,100.0
Abdulquadri M.,~016d4792e43e440545,30.0,100.0
Andrii B.,~01a6ea24104205f0c0,30.0,97.0
Dzianis V.,~011c4fc46ac38cbb70,65.0,100.0
Gurupritsingh S.,~01449918e1a99d2721,35.0,100.0
Emir S.,~01d435b76e0640d2ee,50.0,100.0
Matheu D.,~01cd4bbd1dd6d6a009,70.0,94.0
Pablo P.,~012ce46b5a60c98a6c,65.0,93.0
Jahangir Z.,~0174056fe6a10d54d1,125.0,100.0
Vikas P.,~0140e570cb9abe18fc,20.0,90.0
Carlos S.,~01b440cfb66f048290,70.0,100.0
Abdellah K.,~01be08fc1b1150285f,10.0,100.0
Leonid A.,~0156fb611e4b9f81ce,15.0,89.0
Qasim A.,~01dac316cff7d4448b,50.0,96.0
Hafiz H.,~01d0bd39e7a96b0207,40.0,100.0
Oleksii N.,~019c587d29b3156d7d,50.0,99.0
Harmeet K.,~011b0751bb4e2699b6,40.0,100.0
Ahtisham L.,~0195510b24d358e93f,10.0,100.0
Andrii U.,~01f28508b5431c6122,30.0,100.0
Abdullah A.,~0151fd3a9ac2cdec7c,35.0,100.0
Dasun A.,~01e2f6cb31028ada34,30.0,92.0
Muhammad Usama B.,~0142f86d45df937163,30.0,93.0
Umit Y.,~0160431d640e4ea0da,70.0,100.0
Aram B.,~01db4b4e61a87fe34c,40.0,96.0
David N.,~01f454f34ec1ba035a,8.0,99.0
Khaled A.,~01b3a8699c665f79ba,25.0,98.0
Ajai Kumar T.,~01312eb1c7d62c7deb,20.0,100.0
Muhammad W.,~01ed3dafc60863da3d,45.0,100.0
Abdul Rehman N.,~01009deb304404f7af,25.0,100.0
Khachornchit S.,~0133fc7c50273669b2,50.0,100.0
Octave B.,~019dd8c5de18d2c6e2,50.0,100.0
Geetu G.,~0125c0a63021589469,20.0,100.0
Saurabh S.,~015b8f24a5010ef931,30.0,98.0
Pawel C.,~01e437a93ce267f218,20.0,100.0
Taimur I.,~01e19fb95a97128be7,25.0,80.0
Ashok P.,~013cd3b1e2f065ded1,35.0,97.0
CAO DANG T.,~0194832eadf45ab592,20.0,100.0
Vivek B.,~01c3a41febbe0f4ac5,99.0,80.0
Rabeet F.,~018ea3d425e3107be4,150.0,100.0
Ashish V.,~014a11239aa9ce57f0,20.0,100.0
Mahade H.,~010c96df081ba8360f,20.0,100.0
Phan T.,~01911961a608a9f570,20.0,100.0
Zhikun J.,~01c20b081f6f031e69,5.9,100.0
Bernard L.,~0124232f5d60a0f596,50.0,91.0
Mahesh P.,~01f564eef9f781d4fd,30.0,100.0
Asif B.,~01c133aab1490f1e11,30.0,100.0
VIBHU S.,~01017b5c4ba03e1a7a,15.0,70.0
Muhammad I.,~015700aa9605763347,20.0,100.0
Mohamed H.,~014c5e1a152c63944f,35.0,100.0
Yurii P.,~01d566fc65fa989a99,35.0,100.0
Nikunj G.,~01ac9b729b32731fcd,25.0,100.0
Raja Dushyant V.,~016f1acb3b4ac2be29,40.0,95.0
Marlon L.,~012d06c83909c7f4a9,33.33,91.0
Ujawall .,~0171deac95d8e5fd20,12.0,100.0
Zubair M.,~01f72c65d9db0842af,45.0,100.0
Raul F.,~01559c5d6dec1e1324,75.0,100.0
Samir G.,~018b52f460608b2f2d,20.0,100.0
Muhammad E.,~0173600ba35c49bda4,40.0,100.0
Vishal Z.,~01ad2bbd275018cc48,40.0,100.0
Talha S.,~01f6c001ea4570566c,25.0,97.0
Kamlesh G.,~01010a3fd313bbfe0a,20.0,88.0
Vivek K.,~014ea99ee2c48a9c4d,35.0,100.0
Souissi H.,~01ae84f62447e4f737,40.0,100.0
Boris K.,~012a22e214e4dd366f,45.0,100.0
Palak K.,~01bca5fb5fe0a23764,20.0,100.0
Sanjoy K.,~015b3db5e97f2c83ae,30.0,100.0
Navnitkumar P.,~0143bacd252332f1c6,15.0,78.0
Adrees T.,~01c3911674acdda9fd,30.0,100.0
Maxim M.,~018c8a8a66011256ce,18.0,100.0
Muhammad M.,~015fb0e9054ebb68d7,15.0,96.0
Rajendiran C.,~01e6ab36b4d9c83a2f,30.0,100.0
Muhammad S.,~011548490a49bebf2d,15.0,100.0
Tho L.,~01bdd9cdd0ec211e90,20.0,100.0
Muhammad H.,~015d18c9c8687f3266,25.0,100.0
Shehab E.,~0169a7ce677950ae21,20.0,100.0
Jun Y.,~01f6ab48c4ec209a03,17.0,100.0
Mahesh S.,~0199f48d7306159ab6,10.0,100.0
Santosh C.,~019cf7704e738a3c73,30.0,88.0
Vikas J.,~01003508b246c2bca7,20.0,100.0
Aryan A.,~01d2acf78daab9bbf8,20.0,83.0
Branko I.,~010a99cab1418a9bbb,75.0,93.0
Rizaldy D.,~015d0af3b39c99eda8,15.0,97.0
Ivan N.,~0177d7bcd74fd9754e,35.0,100.0
Shivang M.,~01716352a5c5efd2ad,20.0,93.0
David Q.,~013fa2dc4d8382bffa,69.0,100.0
Gayane Z.,~012e40105fbc54ddad,20.0,100.0
Van N.,~014f21a74ba74fbae2,30.0,100.0
Nathan P.,~016d213e99d54a81ad,75.0,100.0
Anish J.,~01e0c191aa0acf4a74,20.0,79.0
Andrew D.,~0115aa7806389bada1,30.0,100.0
Ian Val D.,~0189a7a57219054368,75.0,100.0
Arti S.,~01dd9733c0f301dab4,25.0,98.0
Sivashankar R.,~01c95456ba00c4ce76,50.0,100.0
Serhii P.,~01c11e786c55af9fd1,40.0,100.0
Abdelrahman M.,~01daf2c5b7c56df50f,15.0,83.0
Kelenna O.,~01fd1ceb2e546bfde6,10.0,100.0
Sudhir P.,~0161beee0397a763b9,20.0,100.0
Pengfei D.,~0194fbcb784199f9b9,85.0,100.0
Antima R.,~01b47f4a58431b1662,23.0,100.0
Manish Kumar T.,~01373cbe2009c5d8d2,15.0,93.0
Haroon B.,~01778e206685552fec,20.0,100.0
Eduard H.,~011a925b9c628c3f8d,35.0,97.0
Kashif N.,~01a65a78b01d1f7798,30.0,95.0
Ivan M.,~01a18c8d892894b046,25.0,100.0
Anil J.,~01e899bf78ecb84ec7,30.0,100.0
Muhammad Asad K.,~017cdfe7cf63c264df,30.0,100.0
Kedar K.,~01c8871735ef4e9427,40.0,75.0
Bienfait R.,~01b01b6b80e4b6ea60,18.0,100.0
Ashebir T.,~013e2fcd660ebba718,5.0,100.0
Wendy B.,~01c92a4e9867d47000,70.0,95.0
Krishna R.,~0102b8d7ed806b4175,15.0,100.0
Almas A.,~018a9c7ef58c2ec379,50.0,100.0
Noah H.,~01981ce2f28c923d64,35.0,93.0
Alvin L.,~011595cc795447921c,20.0,93.0
Hira R.,~01205cd546aa03d542,30.0,52.0
Muhammed Yildiray O.,~01c4b27a7fd8bf97dc,55.0,100.0
Sofiia P.,~0119077b409a7ce46c,20.0,100.0
Laurensius B.,~014a97bdf37e3fb2ef,30.0,100.0
Alexey K.,~01f755cc7bbe67cdf0,30.0,100.0
Haresh G.,~01f4ddbfbcb6f74471,18.0,100.0
Alexandr T.,~012786ddefa10be4f5,40.0,100.0
Yuliya L.,~017b7313ceed040719,25.0,100.0
Alek G.,~014f5ec0a4cefa8f3f,100.0,100.0
Nelson M.,~01401f5ef2ed865223,35.0,100.0
Niravdas K.,~01218295de60a15fde,25.0,100.0
Anurag G.,~01834dff8588f5bd37,45.0,100.0
Hamza T.,~01612a5655f2cf006f,15.0,100.0
Ian C.,~01ed6be3f5c151cef2,20.0,100.0
Rizwan E.,~01f46cc553436d0311,35.0,100.0
Ravi V.,~018c09e92afd12ab94,15.0,100.0
Artem B.,~01005c03f7bd3dabdb,55.0,100.0
Vadim P.,~018cc9128da4ce1581,50.0,100.0
Junaid A.,~01e3372ae04f24797d,30.0,74.0
Rachel T.,~012b590828e4506fb5,30.0,100.0
Luis C.,~01f3b318a5e286c66d,50.0,88.0
Anis S.,~01d4d8e89a2fbef592,50.0,100.0
Ahmed G.,~01cb07d3db17ab847c,30.0,97.0
Hamza I.,~012d29a6c81074bed2,15.0,100.0
Jitendra Singh N.,~01816d0bd2296ac44d,22.0,88.0
Roomani B.,~011c22637e71dd4c8a,18.0,100.0
Osama S.,~01e22735ea24e245ab,40.0,100.0
Sahil A.,~01a12d319a2eb39854,30.0,100.0
Theodore G.,~01dd89b89ce0d186b0,85.0,100.0
Jijo R.,~01ec7fd14b5f2337e3,15.0,100.0
Shree M.,~01fccb1c09fa703ce4,45.0,100.0
Zohaib A.,~01a0357aa747ea10a0,85.0,88.0
Rohit D.,~01ce4a8ddcf5a2c356,35.0,100.0
Anand K.,~013c92499f0950cc5e,15.0,100.0
Shane A.,~016cbb72cff775e4e6,15.0,98.0
Sadhana S.,~01a9afa04c3c5a400f,65.0,100.0
Jay P.,~01ef2a751888c4b205,25.0,78.0
Amar K.,~012352cdf83d5ef002,110.0,91.0
Alexandr S.,~01708c789fee3dcabf,35.0,100.0
Feezan K.,~01fe994b1d2c0c5a02,17.0,93.0
Oleg B.,~018f270e3b87e17449,55.0,100.0
Uros V.,~01790291ba61845a65,60.0,100.0
Nimit J.,~01a281d12868c9e3f0,22.0,100.0
Purav G.,~01979d34669f0b365a,25.0,94.0
Muhammad U.,~01675d82d6a7bce282,20.0,100.0
Dmitry B.,~015f9ec323b07a4c1a,40.0,94.0
Cantor F.,~01dd318517e18ad310,50.0,92.0
Claude Martin M.,~01c4573a0c862416f7,25.0,100.0
Dinesh C.,~015c666a420b4ae312,25.0,100.0
Rinsad A.,~016c18035dc99d887f,25.0,96.0
Atendra S.,~014970392125b0633d,20.0,100.0
Atulesh M.,~01858cf351cf646c24,30.0,100.0
Sarthak D.,~0142368346c1a1e4c5,15.0,100.0
Abdullah W.,~01c0db7063e56366bb,30.0,100.0
Saurabh G.,~015a8aeda7b9f9e5b5,10.0,100.0
Muhammad M.,~01d50754bcfd584469,35.0,100.0
Victoria A.,~01f2adf6a5e638e108,30.0,100.0
David P.,~01467106735464f8d1,40.0,48.0
Ahmad H.,~01bed49f75ae18890e,25.0,100.0
Rashid Z.,~018d52ca4e1f31044f,25.0,100.0
Aleksandr F.,~017cf20e66c866af6f,70.0,100.0
Fagun T.,~01879a5cb7af84f1c3,55.0,100.0
Abel T.,~0162149fc60fde8d9a,20.0,100.0
Lucas D.,~014ca8ec4ec2ed929f,60.0,100.0
Divya K.,~01338cc7689098387b,14.0,96.0
Nikul V.,~019bdbef951ef66b7a,25.9,100.0
Hepi C.,~01af9de063d786218f,20.0,100.0
Maduranga P.,~015a8a0219458743cb,20.0,100.0
Bhavesh P.,~013fa7c406ff0b665e,20.0,100.0
Ugur K.,~01b2dfefdb1acff74d,30.0,100.0
Leo Marco A.,~01586e5b7531d778c3,35.0,97.0
Gunendu D.,~0120f43c45aa225242,25.0,100.0
Dmytro D.,~01b4b771c3ee53e9da,50.0,96.0
Aqeel H.,~01eec8dd9e46a9bf5d,30.0,100.0
Surafel H.,~012941803fe2c9c123,55.0,99.0
